{"accuracy": [0.028892455622553825, 0.05361155793070793, 0.07704655081033707, 0.11781701445579529, 0.1701444685459137, 0.22985553741455078, 0.29117175936698914, 0.32070624828338623, 0.38234350085258484, 0.44109150767326355], "loss": [7.547610759735107, 4.02593469619751, 4.5572662353515625, 4.192968845367432, 5.631613731384277, 4.261756420135498, 3.157027006149292, 3.3983397483825684, 2.9005343914031982, 2.3624284267425537], "val_accuracy": [0.08262108266353607, 0.13960114121437073, 0.19088318943977356, 0.24786324799060822, 0.29629629850387573, 0.3960113823413849, 0.48148149251937866, 0.48148149251937866, 0.621082603931427, 0.6638176441192627], "val_loss": [3.4841384887695312, 3.4337317943573, 3.084484338760376, 2.8349740505218506, 3.078066825866699, 2.315650463104248, 2.306124210357666, 2.103938579559326, 1.6455092430114746, 1.5610162019729614]}